Title,Price,Location,Link
"Peugeot 508 diesel, 1.6 HDI, 115cv, 6cv",34000DT,Sfax,https://www.tayara.tn/item/68161f38c1f8f57898e8c14b/Voitures/Sfax/Route_El_Ain/Peugeot_508_diesel_16_HDI_115cv_6cv/
Voiture,50000DT,Kairouan,https://www.tayara.tn/item/68151a6ec1f8f57898e826c7/Voitures/Kairouan/Kairouan/Voiture_/
CAMION IVECO DAILY,48000DT,Tunis,https://www.tayara.tn/item/67e005daca3467b14e6b10cd/Camions/Tunis/Medjez_El_Bab/CAMION_IVECO_DAILY/
Citroene C3,36000DT,Nabeul,https://www.tayara.tn/item/6800d494fd1c6385be51a0e0/Voitures/Nabeul/Korba/Citroene_C3/
𝐂𝐋𝐀𝐒𝐒𝐄 𝐄 𝟐𝟎𝟎𝐃 𝐍𝐢𝐠𝐡𝐭-𝐏𝐚𝐤𝐞𝐭 𝐀𝐌𝐆 𝐋𝐢𝐧𝐞,1111DT,Tunis,https://www.tayara.tn/item/672c749f72ad847c9c39a65b/Voitures/Tunis/L_Aouina/_/
𝐏𝐨𝐫𝐬𝐜𝐡𝐞 𝐂𝐚𝐲𝐞𝐧𝐧𝐞 𝐂𝐨𝐮𝐩𝐞́ 𝐈𝐈𝐈 𝟑.𝟎𝐋,1111DT,Tunis,https://www.tayara.tn/item/66bc8ccad0aad51c75f2d8fa/Voitures/Tunis/L_Aouina/_/
Hyundai tucson hybride importée,112000DT,Sousse,https://www.tayara.tn/item/6813b674c5beda2b51d530b1/Voitures/Sousse/Sahloul/Hyundai_tucson_hybride_importe/
Vente peugeot 2008,55000DT,Tunis,https://www.tayara.tn/item/68109c73c1f8f57898e50563/Voitures/Tunis/Tunis/Vente_peugeot_2008/
mercedes class e coupe 2021 hybrid,190DT,Ariana,https://www.tayara.tn/item/67a22835ecbb2843cb3f991b/Voitures/Ariana/Ariana/mercedes_class_e_coupe_2021_hybrid/
RANGE ROVER SPORT 2 - PACK SPORT - 404 CH - 72 500 KM - PREMIERE MAIN - IMPORTEE DE FRANCE,294000DT,Sousse,https://www.tayara.tn/item/67ec41bbfd1c6385be41da0d/Voitures/Sousse/Sousse/RANGE_ROVER_SPORT_2_PACK_SPORT_404_CH_72_500_KM_PREMIERE_MAIN_IMPORTEE_DE_FRANCE/
Peugeot 208,33000DT,Tunis,https://www.tayara.tn/item/67fc22b8fd1c6385be4e2c1a/Voitures/Tunis/Le_Bardo/Peugeot_208/
Seat arona 2023,79500DT,Ben Arous,https://www.tayara.tn/item/6811afdac1f8f57898e5c3a8/Voitures/Ben_Arous/Boumhel/Seat_arona_2023/
Nissan pathfinder,45000DT,Nabeul,https://www.tayara.tn/item/67bef607af2813f8075aaddb/Voitures/Nabeul/Hammamet/Nissan_pathfinder_/
Golf 7,65000DT,Nabeul,https://www.tayara.tn/item/680f78d2c1f8f57898e445a3/Voitures/Nabeul/Autres_Villes/Golf_7_/
Mercedes CLA 200 AMG+,1111111DT,Tunis,https://www.tayara.tn/item/680fa2954683d01ce0271dba/Voitures/Tunis/Carthage/Mercedes_CLA_200_AMG/
Mini One,30000DT,Bizerte,https://www.tayara.tn/item/680f8f28c1f8f57898e45dfb/Voitures/Bizerte/Bizerte/Mini_One_/
Volkswagen Cafter modèle 2012 L3,35000DT,Ariana,https://www.tayara.tn/item/680f8b49c5beda2b51d2679f/Camions/Ariana/Ghazela/Volkswagen_Cafter_modle_2012_L3/
pajero 4 did diesel,135000DT,Ariana,https://www.tayara.tn/item/68093162c5beda2b51ce480a/Voitures/Ariana/Cit_Ennasr_2/pajero_4_did_diesel_/
Ford Kuga titanium 2022,98000DT,Ariana,https://www.tayara.tn/item/67ca16ef93928ac5bc181e50/Voitures/Ariana/Cit_Ennasr_2/Ford_Kuga_titanium_2022/
Vente Scoda Scala,68000DT,Ariana,https://www.tayara.tn/item/6800fa71fd1c6385be51c716/Voitures/Ariana/Cit_Ennasr_2/Vente_Scoda_Scala/
Peugeot 407 1.6 HDi,15500DT,Tunis,https://www.tayara.tn/item/68168776c5beda2b51d727f8/Voitures/Tunis/Centre_Ville_Lafayette/Peugeot_407_16_HDi_/
kia Picanto BVA,34000DT,Gabès,https://www.tayara.tn/item/68168615c1f8f57898e91ade/Voitures/Gabs/Gabs/kia_Picanto_BVA_/
polo7,1234DT,Sfax,https://www.tayara.tn/item/68168524c5beda2b51d72623/Voitures/Sfax/Sfax/polo7_/
golf 7.5 BVA,68000DT,Sfax,https://www.tayara.tn/item/68168431c5beda2b51d72554/Voitures/Sfax/Sfax/golf_75_BVA_/
mg 5,46000DT,Sousse,https://www.tayara.tn/item/681683fbc5beda2b51d7251f/Voitures/Sousse/Khzema/mg_5/
Renault Captur,36900DT,Ariana,https://www.tayara.tn/item/681682cec1f8f57898e91804/Voitures/Ariana/Ariana/Renault_Captur/
GLE 350 de kit AMG,1234DT,Sousse,https://www.tayara.tn/item/67d4b49afd1c6385be352d4f/Voitures/Sousse/Sousse_Jawhara/GLE_350_de_kit_AMG/
gla180 kit AMG,1234DT,Sousse,https://www.tayara.tn/item/67c7423593928ac5bc168146/Voitures/Sousse/Sousse_Jawhara/gla180_kit_AMG/
golf8 life,1234DT,Sousse,https://www.tayara.tn/item/679e611da487ea2259c332e3/Voitures/Sousse/Sousse_Jawhara/golf8_life/
Cla250e kit amg,1234DT,Sousse,https://www.tayara.tn/item/6733bc8e0d8480a1e00cdbd0/Voitures/Sousse/Sousse_Jawhara/Cla250e_kit_amg/
Glc200 kit AMG,1234DT,Sousse,https://www.tayara.tn/item/66d8f615e2f0c13af83ca5a7/Voitures/Sousse/Sousse_Jawhara/Glc200_kit_AMG/
Fiat talento 2l boite6,1234DT,Sousse,https://www.tayara.tn/item/679bb8146286c241457a28dd/Autres%20V%C3%A9hicules/Sousse/Sousse_Jawhara/Fiat_talento_2l_boite6/
E180 kit Amg,1234DT,Sousse,https://www.tayara.tn/item/672499fe72ad847c9c323eab/Voitures/Sousse/Sousse_Jawhara/E180_kit_Amg/
Skoda Octavia 2l Lauryn & Clement serie limitée,98000DT,Tunis,https://www.tayara.tn/item/6816803dc5beda2b51d721d2/Voitures/Tunis/Ain_Zaghouan_Nord/Skoda_Octavia_2l_Lauryn_Clement_serie_limite_/
KIA NEW SPORTAGE RS,68500DT,Monastir,https://www.tayara.tn/item/68168003c1f8f57898e915b5/Voitures/Monastir/Monastir/KIA_NEW_SPORTAGE_RS/
voiture á vendre,21000DT,Zaghouan,https://www.tayara.tn/item/68168003c1f8f57898e915b4/Voitures/Zaghouan/Ez_Zeriba/voiture_vendre_/
SKODA FABIA MONTE CARLO 2022,62000DT,Tunis,https://www.tayara.tn/item/68167fd3c1f8f57898e9158d/Voitures/Tunis/Lac_1/SKODA_FABIA_MONTE_CARLO_2022/
aprilia sr 50,1500DT,Tunis,https://www.tayara.tn/item/68167f11c1f8f57898e914d3/Motos/Tunis/Tunis/aprilia_sr_50/
Fiat Grande Punto,19800DT,Ariana,https://www.tayara.tn/item/68167ef2c5beda2b51d720c2/Voitures/Ariana/Charguia_2/Fiat_Grande_Punto/
Jump starter Noco Gb40 1000A neuf,680DT,Tunis,https://www.tayara.tn/item/68167d5cc5beda2b51d71f6e/Pi%C3%A8ces%20et%20Accessoires%20pour%20v%C3%A9hicules/Tunis/Tunis/Jump_starter_Noco_Gb40_1000A_neuf/
BMW blanche serie1,65000DT,Sousse,https://www.tayara.tn/item/6816080bc5beda2b51d6b978/Voitures/Sousse/Khzema/BMW_blanche_serie1/
pare-chocs hyundai i30,500DT,Tunis,https://www.tayara.tn/item/68167a74c5beda2b51d71cde/Pi%C3%A8ces%20et%20Accessoires%20pour%20v%C3%A9hicules/Tunis/Sjoumi/parechocs_hyundai_i30/
Qashqai Nissan,55000DT,Monastir,https://www.tayara.tn/item/68167a26c5beda2b51d71c9d/Voitures/Monastir/Monastir/Qashqai_Nissan/
voiture,83000DT,Sfax,https://www.tayara.tn/item/68167a1fc1f8f57898e9109b/Voitures/Sfax/Route_SOKRA/voiture_/
Trafic 9 places,23000DT,Sousse,https://www.tayara.tn/item/68167883c5beda2b51d71b3a/Voitures/Sousse/Sousse/_Trafic_9_places_/
voiture,23500DT,Sfax,https://www.tayara.tn/item/68167720c1f8f57898e90e0f/Voitures/Sfax/Route_de_laroport/voiture_/
Golf 7 smartline 2015,45DT,Le Kef,https://www.tayara.tn/item/681676e2c1f8f57898e90dd4/Voitures/Le_Kef/Le_Kef/Golf_7_smartline_2015/
A vendre fiat Punto 3,130000DT,Nabeul,https://www.tayara.tn/item/681676dbc5beda2b51d719d3/Voitures/Nabeul/Hammamet/A_vendre_fiat_Punto_3/
ford ranger,58371104DT,Ariana,https://www.tayara.tn/item/681674fac5beda2b51d71810/Camions/Ariana/Ettadhamen/ford_ranger_/
Vente une voiture mahindra kuv100 en toute option,35000DT,Tunis,https://www.tayara.tn/item/681674e5c1f8f57898e90bd9/Voitures/Tunis/Tunis/Vente_une_voiture_mahindra_kuv100_en_toute_option_/
Kia Rio,35800DT,Tunis,https://www.tayara.tn/item/681674a2c5beda2b51d717bf/Voitures/Tunis/Le_Bardo/Kia_Rio_/
MG GT SPORT (vente ou échange ),90000DT,Tunis,https://www.tayara.tn/item/6816732ac1f8f57898e90a24/Voitures/Tunis/Tunis/MG_GT_SPORT_vente_ou_change_/
SKODA SCALA 1.6 BVA,63000DT,Nabeul,https://www.tayara.tn/item/68167230c5beda2b51d71570/Voitures/Nabeul/Dar_Chabane_El_Fehri/SKODA_SCALA_16_BVA/
forza gold 125,2350DT,Monastir,https://www.tayara.tn/item/68167220c1f8f57898e90931/Motos/Monastir/Jemmal/forza_gold_125/
KODA SCALA 1.6 BVA,66000DT,Nabeul,https://www.tayara.tn/item/68167179c5beda2b51d714db/Voitures/Nabeul/Dar_Chabane_El_Fehri/KODA_SCALA_16_BVA/
R5,6800DT,La Manouba,https://www.tayara.tn/item/681670a2c5beda2b51d71412/Voitures/La_Manouba/Oued_Ellil/R5/
cappuccino 125,5000DT,Mahdia,https://www.tayara.tn/item/6816706fc5beda2b51d713e8/Motos/Mahdia/Mahdia/cappuccino_125/
golf 3 essence,12900DT,Gabès,https://www.tayara.tn/item/68166fb9c1f8f57898e90728/Voitures/Gabs/El_Hamma/golf_3_essence_/
Seat Léon stile,46000DT,Tunis,https://www.tayara.tn/item/68166f5ac1f8f57898e906d0/Voitures/Tunis/Tunis/Seat_Lon_stile/
SUZUKI DZIRE GL PREMIÈRE MAIN EN TRÈS BON ÉTAT,37800DT,Ariana,https://www.tayara.tn/item/68166d29c5beda2b51d710e2/Voitures/Ariana/Borj_Louzir/SUZUKI_DZIRE_GL_PREMIRE_MAIN_EN_TRS_BON_TAT_/
TOYOTA AVANSIS PREMIÈRE MAIN TRÈS PROPRE,29500DT,Ariana,https://www.tayara.tn/item/68166d05c1f8f57898e904b3/Voitures/Ariana/Ariana/TOYOTA_AVANSIS_PREMIRE_MAIN_TRS_PROPRE_/
Volkswagen t rock,11111DT,Monastir,https://www.tayara.tn/item/68166cccc5beda2b51d7109d/Voitures/Monastir/Monastir/Volkswagen_t_rock/
a vendre kia rio 22647862,64000DT,Ariana,https://www.tayara.tn/item/68166babc1f8f57898e903b2/Voitures/Ariana/Cit_Ennasr_2/a_vendre_kia_rio_22647862/
Av ou Échange X5 3.0L Xdrive Toit Bva,69000DT,La Manouba,https://www.tayara.tn/item/68166b29c1f8f57898e90358/Voitures/La_Manouba/La_Manouba/Av_ou_change_X5_30L_Xdrive_Toit_Bva_/
Av CLA 180 CDI kit AMG,63500DT,La Manouba,https://www.tayara.tn/item/68166ab6c5beda2b51d70ee4/Voitures/La_Manouba/La_Manouba/Av_CLA_180_CDI_kit_AMG/
Av tres belle Vw Jetta,28500DT,La Manouba,https://www.tayara.tn/item/68166a85c1f8f57898e902d6/Voitures/La_Manouba/La_Manouba/Av_tres_belle_Vw_Jetta_/
Av BMW f10 520i BVA Toit Luxury,68500DT,La Manouba,https://www.tayara.tn/item/68166a7ec5beda2b51d70eb8/Voitures/La_Manouba/La_Manouba/Av_BMW_f10_520i_BVA_Toit_Luxury_/
fiât palio Brazilian,11300DT,Bizerte,https://www.tayara.tn/item/68166a0fc5beda2b51d70e5d/Voitures/Bizerte/Zarzouna/fit_palio_Brazilian_/
Écran voiture tactile 7 pouces neuf,450DT,Tunis,https://www.tayara.tn/item/68166974c1f8f57898e901f5/Pi%C3%A8ces%20et%20Accessoires%20pour%20v%C3%A9hicules/Tunis/Tunis/cran_voiture_tactile_7_pouces_neuf_/
sub pioneer,550DT,Sfax,https://www.tayara.tn/item/681668c6c5beda2b51d70d65/Pi%C3%A8ces%20et%20Accessoires%20pour%20v%C3%A9hicules/Sfax/Sfax/sub_pioneer_/
CLIO bombé cable,16500DT,Sousse,https://www.tayara.tn/item/681667e7c1f8f57898e900a3/Voitures/Sousse/Sousse_Jawhara/CLIO_bomb_cable/
250,24DT,Nabeul,https://www.tayara.tn/item/68166723c5beda2b51d70be6/Voitures/Nabeul/Nabeul/250/
Piaggio MPЗ 500HPE,21000DT,Ben Arous,https://www.tayara.tn/item/68166655c1f8f57898e8ff79/Motos/Ben_Arous/Hammam_Lif/Piaggio_MP_500HPE/
Citroën b9,26.5DT,Monastir,https://www.tayara.tn/item/681665fec5beda2b51d70b27/Voitures/Monastir/Jemmal/Citron_b9_/
Ford fiesta excellente etat Moteur noire,10000DT,Tunis,https://www.tayara.tn/item/681662bfc1f8f57898e8fce9/Voitures/Tunis/Le_Bardo/Ford_fiesta_excellente_etat_Moteur_noire_/
chevrolet sonic 4 cylindres,25500DT,Ben Arous,https://www.tayara.tn/item/6816620bc1f8f57898e8fc5f/Voitures/Ben_Arous/Boumhel/chevrolet_sonic_4_cylindres_/
Poste tactile clio 4,700DT,Sousse,https://www.tayara.tn/item/6816611dc5beda2b51d707b0/Pi%C3%A8ces%20et%20Accessoires%20pour%20v%C3%A9hicules/Sousse/Sousse/Poste_tactile_clio_4/
C4 à vendre tel 97628185,35500DT,Nabeul,https://www.tayara.tn/item/681660f4c1f8f57898e8fb81/Voitures/Nabeul/Korba/C4_vendre_tel_97628185/
Poste tactile clio 4,700DT,Sousse,https://www.tayara.tn/item/681660dac5beda2b51d70771/Pi%C3%A8ces%20et%20Accessoires%20pour%20v%C3%A9hicules/Sousse/Sousse/Poste_tactile_clio_4/
Une très belle BMW E90 LCI phase 2,46DT,La Manouba,https://www.tayara.tn/item/68165f49c1f8f57898e8fa29/Voitures/La_Manouba/La_Manouba/Une_trs_belle_BMW_E90_LCI_phase_2/
audi q5,62000DT,Ben Arous,https://www.tayara.tn/item/68165eadc1f8f57898e8f9c9/Voitures/Ben_Arous/El_Mourouj_6/audi_q5/
Citroën C1,123DT,Tunis,https://www.tayara.tn/item/68165d6ac5beda2b51d704ee/Voitures/Tunis/Tunis/Citron_C1/
Megane 4 sedan importée de Qatar,58000DT,Ben Arous,https://www.tayara.tn/item/68165cf4c5beda2b51d7048e/Voitures/Ben_Arous/El_Mourouj_5/Megane_4_sedan_importe_de_Qatar_/
Trax,37500DT,Sfax,https://www.tayara.tn/item/68165cf3c5beda2b51d7048d/Engins%20Agricoles/Sfax/El_Amra/Trax_/
kia rio,34DT,Ariana,https://www.tayara.tn/item/68165b4dc1f8f57898e8f719/Voitures/Ariana/El_Menzah_7/kia_rio/
D'max 2.5 injection 2024,113DT,Kairouan,https://www.tayara.tn/item/68165b38c5beda2b51d7034c/Voitures/Kairouan/Bouhajla/Dmax_25_injection_2024/
Peugeot bipper 1.4,20DT,Sidi Bouzid,https://www.tayara.tn/item/68165afcc1f8f57898e8f6d5/Voitures/Sidi_Bouzid/Menzel_Bouzaiane/Peugeot_bipper_14/
bmw e46 essance 7 cv,28500DT,Nabeul,https://www.tayara.tn/item/68165af6c1f8f57898e8f6d3/Voitures/Nabeul/Nabeul/bmw_e46_essance_7_cv/
dacia dokker,26500DT,Sfax,https://www.tayara.tn/item/68165af4c1f8f57898e8f6d0/Voitures/Sfax/Sakiet_Eddaer/dacia_dokker_/
pegout 205,7500DT,Monastir,https://www.tayara.tn/item/68165895c1f8f57898e8f4c8/Voitures/Monastir/Moknine/pegout_205/
TOYOTA AGYA 235,37000DT,Ariana,https://www.tayara.tn/item/6816583dc1f8f57898e8f481/Voitures/Ariana/Cit_Ennasr_2/TOYOTA_AGYA_235/
Vente Fiat fiorino,28000DT,Bizerte,https://www.tayara.tn/item/68165769c1f8f57898e8f3e8/Voitures/Bizerte/Bizerte_Nord/Vente_Fiat_fiorino/
Isuzu,9999DT,Ben Arous,https://www.tayara.tn/item/681656dec1f8f57898e8f37c/Engins%20Agricoles/Ben_Arous/El_Mourouj_4/Isuzu_/
KIA Picanto,32000DT,Sousse,https://www.tayara.tn/item/6816564bc5beda2b51d6ff48/Voitures/Sousse/Kala_Sghira/KIA_Picanto/
A Vendre Golf 7,68000DT,Tunis,https://www.tayara.tn/item/6816550bc5beda2b51d6fe3e/Voitures/Tunis/Ain_Zaghouan_Nord/A_Vendre_Golf_7_/
range Rover évoque,55111112DT,Ariana,https://www.tayara.tn/item/681653a9c5beda2b51d6fd01/Voitures/Ariana/Ariana/range_Rover_voque_/
Peugeot landtrek a vendre,69DT,Ben Arous,https://www.tayara.tn/item/68165210c1f8f57898e8ef2e/Camions/Ben_Arous/Mgrine/Peugeot_landtrek_a_vendre_/
voiture Chery QQ 1ere main à vendre 95030000,22DT,Sfax,https://www.tayara.tn/item/68164fc7c1f8f57898e8ecfb/Voitures/Sfax/Sfax/voiture_Chery_QQ_1ere_main_vendre_95030000/
amarok 100 klm,2DT,La Manouba,https://www.tayara.tn/item/68164fc1c1f8f57898e8eced/Voitures/La_Manouba/La_Manouba/amarok_100_klm/
SUZUKI VITARA1.6 4x4,58000DT,Tunis,https://www.tayara.tn/item/68013e049d6266842d9e6fa6/Voitures/Tunis/Le_Bardo/SUZUKI_VITARA16_4x4/
BMW 116 i,37500DT,Ariana,https://www.tayara.tn/item/68164d43c5beda2b51d6f6c5/Voitures/Ariana/Ariana/BMW_116_i_/
MG GT pack SPORT 2024,85000DT,Tunis,https://www.tayara.tn/item/68164d24c5beda2b51d6f6a7/Voitures/Tunis/Tunis/MG_GT_pack_SPORT_2024/
clio 4,40000DT,Sousse,https://www.tayara.tn/item/68164cb3c5beda2b51d6f637/Voitures/Sousse/Khzema/clio_4_/
Citroën C3,20000DT,Kairouan,https://www.tayara.tn/item/68164b04c5beda2b51d6f4ae/Voitures/Kairouan/Kairouan_Nord/Citron_C3_/
vent Kangoo,3500DT,Monastir,https://www.tayara.tn/item/68164a68c5beda2b51d6f41f/Voitures/Monastir/Autres_Villes/vent_Kangoo_/
B9,29000DT,Sidi Bouzid,https://www.tayara.tn/item/6816497ac5beda2b51d6f34c/Voitures/Sidi_Bouzid/Sidi_Bouzid_Est/B9/
NISSAN PATROL Y60,36DT,Bizerte,https://www.tayara.tn/item/6816475bc5beda2b51d6f18c/Voitures/Bizerte/Bizerte_Nord/NISSAN_PATROL_Y60_/
🚗 SUPERBE RENAULT MEGANE 3 BREAK 1.5 DCI - IMPORTÉE D'ALLEMAGNE 🇩🇪,29900DT,Tunis,https://www.tayara.tn/item/68164737c1f8f57898e8e53a/Voitures/Tunis/Tunis/_SUPERBE_RENAULT_MEGANE_3_BREAK_15_DCI_IMPORTE_DALLEMAGNE_/
BMW 320i coupé BVA,57000DT,Nabeul,https://www.tayara.tn/item/6816461cc5beda2b51d6f044/Voitures/Nabeul/Nabeul/BMW_320i_coup_BVA/
dfsk 1er main,13500DT,La Manouba,https://www.tayara.tn/item/681643ddc5beda2b51d6ee32/Voitures/La_Manouba/Manouba_Ville/dfsk_1er_main_/
Moteur polo6 sdi,500DT,Ben Arous,https://www.tayara.tn/item/68164354c1f8f57898e8e190/Pi%C3%A8ces%20et%20Accessoires%20pour%20v%C3%A9hicules/Ben_Arous/Ben_Arous/Moteur_polo6_sdi_/
Partner Comercial 1.9 🇫🇷🇫🇷origin,21900DT,Ariana,https://www.tayara.tn/item/6816426cc1f8f57898e8e0a3/Voitures/Ariana/Ariana/Partner_Comercial_19_origin/
toyota hiace,22000DT,Nabeul,https://www.tayara.tn/item/6816415dc5beda2b51d6ebf0/Voitures/Nabeul/Bni_Khalled/toyota_hiace/
Fiat Scudo 1.6 hdi 2008 en très bon état 3 places,21000DT,Sousse,https://www.tayara.tn/item/68164101c1f8f57898e8df6d/Voitures/Sousse/M_Saken/Fiat_Scudo_16_hdi_2008_en_trs_bon_tat_3_places/
R9 essence,4800DT,Gabès,https://www.tayara.tn/item/68164048c1f8f57898e8ded8/Voitures/Gabs/Gabs/R9_essence_/
Mercedes E300,75000DT,Monastir,https://www.tayara.tn/item/6816401dc1f8f57898e8dea4/Voitures/Monastir/Monastir/Mercedes_E300/
TOYOTA AVANSIS PREMIÈRE MAIN TRÈS PROPRE,29500DT,Ariana,https://www.tayara.tn/item/68163a3ec5beda2b51d6e5b5/Voitures/Ariana/Ariana/TOYOTA_AVANSIS_PREMIRE_MAIN_TRS_PROPRE_/
SUZUKI DZIRE GL PREMIÈRE MAIN EN TRÈS BON ÉTAT,37800DT,Ariana,https://www.tayara.tn/item/681639f7c1f8f57898e8d940/Voitures/Ariana/Borj_Louzir/SUZUKI_DZIRE_GL_PREMIRE_MAIN_EN_TRS_BON_TAT_/
Air bag symbol 1,350DT,Tunis,https://www.tayara.tn/item/681637cbc5beda2b51d6e3a0/Pi%C3%A8ces%20et%20Accessoires%20pour%20v%C3%A9hicules/Tunis/Ezzouhour/Air_bag_symbol_1_/
PIÈCES MINI COOPER ET ACCESSOIRE,123DT,Ariana,https://www.tayara.tn/item/6816379cc1f8f57898e8d72c/Voitures/Ariana/Ariana/PICES_MINI_COOPER_ET_ACCESSOIRE_/
haval h6,105000DT,Gafsa,https://www.tayara.tn/item/6816373fc5beda2b51d6e31f/Voitures/Gafsa/Gafsa/haval_h6/
MINI COOPER 7 CH,123DT,Ariana,https://www.tayara.tn/item/6816364fc1f8f57898e8d630/Voitures/Ariana/El_Menzah_8/MINI_COOPER_7_CH/
Mercedes C180,95000DT,Ariana,https://www.tayara.tn/item/68163621c1f8f57898e8d607/Voitures/Ariana/El_Menzah_5/Mercedes_C180/
PARTNER ÉTAT D'ORIGINE,17DT,Sousse,https://www.tayara.tn/item/681633f9c5beda2b51d6e04a/Voitures/Sousse/Hammam_Sousse/PARTNERTAT_DORIGINE_/
Renault trafic,40DT,Médenine,https://www.tayara.tn/item/681633cac5beda2b51d6e027/Voitures/Mdenine/Zarzis/Renault_trafic_/
Golf 7 essence Boite 6,57000DT,Sfax,https://www.tayara.tn/item/68163293c5beda2b51d6df31/Voitures/Sfax/ROUTE_SALTANIA/Golf_7_essence_Boite_6/
FIAT TIPO EDITION LIMITÉE SPECIAL,2DT,Bizerte,https://www.tayara.tn/item/68163168c5beda2b51d6de0a/Voitures/Bizerte/Bizerte/FIAT_TIPO_EDITION_LIMITE_SPECIAL_/
Vente DS3,38000DT,Ariana,https://www.tayara.tn/item/6816310ac1f8f57898e8d166/Voitures/Ariana/Ennasr/Vente_DS3/
Marcedes GLC 350 AMG essence/électrique (Tu 251),1234DT,Sousse,https://www.tayara.tn/item/6816302bc1f8f57898e8d091/Voitures/Sousse/Khzema/Marcedes_GLC_350_AMG_essencelectrique_Tu_251/
Bonne occasion de Mercedes classe A180,68DT,Ben Arous,https://www.tayara.tn/item/68162e4ac1f8f57898e8ceda/Voitures/Ben_Arous/Hammam_Lif/Bonne_occasion_de_Mercedes_classe_A180/
Citroën c4,32.5DT,Sousse,https://www.tayara.tn/item/68162cd8c1f8f57898e8cd86/Voitures/Sousse/Sousse/Citron_c4_/
C3 PHASE 2 FAIBLE KILOMÉTRAGE,24500DT,Sousse,https://www.tayara.tn/item/68162b69c5beda2b51d6d87b/Voitures/Sousse/Kantaoui/C3_PHASE_2_FAIBLE_KILOMTRAGE_/
A vendre Toyota Corolla hatchback 1.2 L turbo 2020,73DT,Tunis,https://www.tayara.tn/item/68162b29c5beda2b51d6d847/Voitures/Tunis/Manar/A_vendre_Toyota_Corolla_hatchback_12_L_turbo_2020/
Moto Vespa,2500DT,Tunis,https://www.tayara.tn/item/68162a44c1f8f57898e8cb5b/Motos/Tunis/L_Aouina/Moto_Vespa/
mercedes classe a200,129999DT,Tunis,https://www.tayara.tn/item/68162a2fc1f8f57898e8cb42/Voitures/Tunis/Le_Bardo/mercedes_classe_a200/
b9 5 places,45DT,Ariana,https://www.tayara.tn/item/68162904c1f8f57898e8ca4d/Voitures/Ariana/Ariana/b9_5_places_/
GOLF 8 eTSI,999DT,Ariana,https://www.tayara.tn/item/68162702c1f8f57898e8c8a1/Voitures/Ariana/Ariana/GOLF_8_eTSI/
Groupe électrogènes,16DT,Kasserine,https://www.tayara.tn/item/68162687c5beda2b51d6d42a/Engins%20Agricoles/Kasserine/Friana/Groupe_lectrognes_/
a vendre frigo pour camion,999999DT,Mahdia,https://www.tayara.tn/item/68162521c5beda2b51d6d30b/Camions/Mahdia/El_Jem/a_vendre_frigo_pour_camion/
Fiat panda,21500DT,Nabeul,https://www.tayara.tn/item/68162431c1f8f57898e8c63c/Voitures/Nabeul/Nabeul/Fiat_panda/
mg gt dans l'emballage,89000DT,Ariana,https://www.tayara.tn/item/681623c9c5beda2b51d6d215/Voitures/Ariana/La_Soukra/mg_gt_dans_lemballage_/
i10 Populaire 1ére main,40500DT,Ariana,https://www.tayara.tn/item/68162395c5beda2b51d6d1e3/Voitures/Ariana/Cit_Ennasr_2/i10_Populaire_1re_main/
kia cerato,41000DT,Mahdia,https://www.tayara.tn/item/681620a3c1f8f57898e8c2d2/Voitures/Mahdia/El_Jem/kia_cerato/
"Peugeot 508 diesel, 1.6 HDI, 115cv, 6cv",34000DT,Sfax,https://www.tayara.tn/item/68161f38c1f8f57898e8c14b/Voitures/Sfax/Route_El_Ain/Peugeot_508_diesel_16_HDI_115cv_6cv/
Polo 5,18000000DT,Sousse,https://www.tayara.tn/item/68161ec7c1f8f57898e8c0eb/Voitures/Sousse/Sidi_El_Hni/Polo_5/
skoda fabia,35500DT,Gabès,https://www.tayara.tn/item/68161e31c5beda2b51d6cc75/Voitures/Gabs/Ghanouch/skoda_fabia/
MAZDA 6,10DT,Tunis,https://www.tayara.tn/item/68161cc4c5beda2b51d6cb43/Voitures/Tunis/Tunis/MAZDA_6/
Coffre Mercedes neuf utilisé une seule fois,2500DT,Tunis,https://www.tayara.tn/item/68161c80c1f8f57898e8bf13/Pi%C3%A8ces%20et%20Accessoires%20pour%20v%C3%A9hicules/Tunis/La_Marsa/Coffre_Mercedes_neuf_utilis_une_seule_fois/
Vente où échange,35000DT,Sfax,https://www.tayara.tn/item/68161c7bc5beda2b51d6cb02/Voitures/Sfax/Thyna/Vente_o_change_/
tchaw importe,54747424DT,Tunis,https://www.tayara.tn/item/68161bccc5beda2b51d6ca51/Motos/Tunis/Tunis/tchaw_importe_/
Fiat doblo GARGO,98652840DT,Tunis,https://www.tayara.tn/item/68161b2fc1f8f57898e8bdd3/Voitures/Tunis/Tunis/Fiat_doblo_GARGO_/
clio dynamique,42000DT,Sfax,https://www.tayara.tn/item/68161b05c5beda2b51d6c9b4/Voitures/Sfax/Sfax/clio_dynamique/
Fiat Siena Modele 2007 en tres bon etat,16700DT,Ariana,https://www.tayara.tn/item/681619cec5beda2b51d6c8b8/Voitures/Ariana/Ariana/Fiat_Siena_Modele_2007_en_tres_bon_etat/
Chevrolet Sonic BVA,37500DT,Ariana,https://www.tayara.tn/item/6816180fc5beda2b51d6c703/Voitures/Ariana/Ariana/Chevrolet_Sonic_BVA/
Hornet 919,17DT,Ariana,https://www.tayara.tn/item/68161802c1f8f57898e8bad3/Motos/Ariana/Borj_Louzir/Hornet_919/
Chevrolet aveo a Tabarka,21000DT,Jendouba,https://www.tayara.tn/item/68161710c1f8f57898e8b9fa/Voitures/Jendouba/Tabarka/Chevrolet_aveo_a_Tabarka/
Citroën C4,22000DT,Sousse,https://www.tayara.tn/item/68161661c5beda2b51d6c562/Voitures/Sousse/Sousse/Citron_C4_/
CLA 180 Essence,112000DT,Ariana,https://www.tayara.tn/item/681615d7c5beda2b51d6c4da/Voitures/Ariana/Cit_Ennasr_2/CLA_180_Essence_/
Kia Xceed sous leasing,124000DT,Gabès,https://www.tayara.tn/item/68160f4ac1f8f57898e8b333/Voitures/Gabs/Gabs_Mdina/Kia_Xceed_sous_leasing/
Suzuki celerio 22599219,29500DT,Tunis,https://www.tayara.tn/item/68160d99c5beda2b51d6bdd2/Voitures/Tunis/Sidi_Bou_Said/Suzuki_celerio_22599219/
pegout 301 taxi,32000DT,Sfax,https://www.tayara.tn/item/68160ce6c1f8f57898e8b135/Voitures/Sfax/Sakiet_Ezzit/pegout_301_taxi/
VW Caddy Prestige,57DT,Tunis,https://www.tayara.tn/item/68160b97c1f8f57898e8b026/Voitures/Tunis/La_Marsa/VW_Caddy_Prestige/
Mitsubishi L200,65DT,Bizerte,https://www.tayara.tn/item/68160b77c1f8f57898e8b003/Voitures/Bizerte/Ghezala/Mitsubishi_L200/
Mercedes CLA 180,85000DT,Sousse,https://www.tayara.tn/item/68160affc5beda2b51d6bbc5/Voitures/Sousse/Sousse/Mercedes_CLA_180_/
CLIO DYNAMIQUE,35000DT,Ben Arous,https://www.tayara.tn/item/68160a99c1f8f57898e8af20/Voitures/Ben_Arous/Medina_Jedida/CLIO_DYNAMIQUE_/
mahindra,21800DT,Bizerte,https://www.tayara.tn/item/68160a38c5beda2b51d6baf8/Voitures/Bizerte/Mateur/mahindra_/
"4 roues 20""range sport d'origine",4800DT,Tunis,https://www.tayara.tn/item/681609bbc1f8f57898e8ae69/Pi%C3%A8ces%20et%20Accessoires%20pour%20v%C3%A9hicules/Tunis/Tunis/4_roues_20range_sport_dorigine_/
MERCEDES BENZ CLA 180 AMG,143500DT,Tunis,https://www.tayara.tn/item/68160890c1f8f57898e8ad92/Voitures/Tunis/Ain_Zaghouen/MERCEDES_BENZ_CLA_180_AMG/
RANGE ROVER EVOQUE,83000DT,Tunis,https://www.tayara.tn/item/68160889c1f8f57898e8ad89/Voitures/Tunis/Mutuelleville/RANGE_ROVER_EVOQUE/
Citroën C3 modèle 2020,33DT,Ben Arous,https://www.tayara.tn/item/681607e7c5beda2b51d6b95d/Voitures/Ben_Arous/Hammam_Lif/Citron_C3_modle_2020/
Chevrolet aveo ls,20DT,Tunis,https://www.tayara.tn/item/68160797c1f8f57898e8ace7/Voitures/Tunis/Montplaisir/Chevrolet_aveo_ls_/
symbol 1,28DT,Nabeul,https://www.tayara.tn/item/68160769c5beda2b51d6b90b/Voitures/Nabeul/Menzel_Temime/symbol_1_/
CITROEN JUMPER en excellente état,25000DT,Mahdia,https://www.tayara.tn/item/681606a2c5beda2b51d6b83a/Voitures/Mahdia/Sidi_Alouane/CITROEN_JUMPER_en_excellente_tat/
Ford Kuga,70DT,Nabeul,https://www.tayara.tn/item/68160659c1f8f57898e8abcd/Voitures/Nabeul/Klibia/Ford_Kuga/
Moto,1200DT,Tunis,https://www.tayara.tn/item/6816045cc1f8f57898e8aa26/Motos/Tunis/Carthage/Moto/
Offset,3200DT,Le Kef,https://www.tayara.tn/item/681602fcc1f8f57898e8a8fe/Engins%20Agricoles/Le_Kef/Tajerouine/Offset/
Tmax 125 avec carte grise tunisienne,3800DT,Monastir,https://www.tayara.tn/item/681600f0c5beda2b51d6b3a0/Motos/Monastir/Ksar_Hellal/Tmax_125_avec_carte_grise_tunisienne_/
Citroën nemo 1.3 modèle 2017,11111110656DT,Nabeul,https://www.tayara.tn/item/68160080c1f8f57898e8a6fe/Voitures/Nabeul/Grombalia/Citron_nemo_13_modle_2017_/
Ford Focus Titanium,38000DT,Sousse,https://www.tayara.tn/item/6816002cc1f8f57898e8a6b1/Voitures/Sousse/Hammam_Sousse/Ford_Focus_Titanium_/
passat cc,65000DT,Ben Arous,https://www.tayara.tn/item/6815ffccc5beda2b51d6b2b2/Voitures/Ben_Arous/Ezzahra/passat_cc/
A vendre CITROËN C3 SHINE,37000DT,Sfax,https://www.tayara.tn/item/6815ff67c5beda2b51d6b25a/Voitures/Sfax/Route_GREMDA/A_vendre_CITRON_C3_SHINE/
pista vcx,3850DT,Ariana,https://www.tayara.tn/item/6815fe94c1f8f57898e8a555/Motos/Ariana/Ariana/pista_vcx_/
🚨 affaire 🚨 4 jantes+pneus range sport par 20,4800DT,Tunis,https://www.tayara.tn/item/6815fe83c5beda2b51d6b19e/Voitures/Tunis/Tunis/_affaire_4_jantespneus_range_sport_par_20_/
À ne p rater! Nissan 4x4 D22 Pickup NP300 ! فرصة,42000DT,Bizerte,https://www.tayara.tn/item/6815fe41c5beda2b51d6b15d/Voitures/Bizerte/Bizerte/_ne_p_rater_Nissan_4x4_D22_Pickup_NP300_/
"👉SAMSUNG 50"" SMART Q-Led 2023 (Q60c) _avec Livraison_",2499DT,Tunis,https://www.tayara.tn/item/6815fdfac1f8f57898e8a4c3/Autres%20V%C3%A9hicules/Tunis/Autres_Villes/SAMSUNG_50_SMART_QLed_2023_Q60c_avec_Livraison/
protège-réservoir Bagster Honda CB 1000 R 2008 2015,220DT,Ben Arous,https://www.tayara.tn/item/6815fd63c5beda2b51d6b08b/Motos/Ben_Arous/Ezzahra/protgerservoir_Bagster_Honda_CB_1000_R_2008_2015/
Peugeot 206/ 50205040,16666DT,Médenine,https://www.tayara.tn/item/6815fbdcc5beda2b51d6af01/Voitures/Mdenine/Ben_Gardane/Peugeot_206_50205040/
Taraktor stayer 650,10DT,Kasserine,https://www.tayara.tn/item/6815fa52c1f8f57898e8a133/Autres%20V%C3%A9hicules/Kasserine/Sbetla/Taraktor_stayer_650/
voiture 301 [23715079],24DT,Sfax,https://www.tayara.tn/item/6815f7c6c1f8f57898e89e90/Voitures/Sfax/Sfax_Ville/voiture_301_23715079/
A vendre 2 Ovetto🛵 Yamaha 50Cm Double-eguille importer de France🇨🇵,97060456DT,Ariana,https://www.tayara.tn/item/6815f7aec1f8f57898e89e75/Motos/Ariana/Ariana/A_vendre_2_Ovetto_Yamaha_50Cm_Doubleeguille_importer_de_France/
𝐑𝐚𝐧𝐠𝐞 𝐑𝐨𝐯𝐞𝐫 𝐬𝐩𝐨𝐫𝐭 𝐀𝐮𝐭𝐨𝐛𝐢𝐨𝐠𝐫𝐚𝐩𝐡𝐢𝐞 𝐏𝟒𝟎𝟎,1111DT,Tunis,https://www.tayara.tn/item/66ffc1c38f15d23e24c68ea8/Voitures/Tunis/L_Aouina/_/
Mercedes a vendre,40DT,Tataouine,https://www.tayara.tn/item/6815f506c5beda2b51d6a7df/Voitures/Tataouine/Tataouine_Nord/Mercedes_a_vendre_/
A vendre Ovetto🛵Yamaha 50Cm Nouveau digital 2T importer de France🇨🇵,97060456DT,Tunis,https://www.tayara.tn/item/6815f2dcc1f8f57898e89932/Motos/Tunis/Tunis/A_vendre_OvettoYamaha_50Cm_Nouveau_digital_2T_importer_de_France/
Jetta tsi à vendre,38000DT,Ariana,https://www.tayara.tn/item/6815f2b4c5beda2b51d6a58f/Voitures/Ariana/Chotrana_1/Jetta_tsi_vendre_/
MG ZS 2020 en excellente état,64500DT,Gabès,https://www.tayara.tn/item/6815f263c1f8f57898e898c6/Voitures/Gabs/Gabs/MG_ZS_2020_en_excellente_tat_/
6 Sangles d'attachements,150DT,Sfax,https://www.tayara.tn/item/6815f23fc5beda2b51d6a51c/Camions/Sfax/Route_El_Ain/6_Sangles_dattachements/
C3,13000000DT,Bizerte,https://www.tayara.tn/item/6815eec7c5beda2b51d6a1e4/Voitures/Bizerte/Bizerte_Nord/C3_/
Seat Leon,45000DT,Tunis,https://www.tayara.tn/item/67f6a208fd1c6385be49718e/Voitures/Tunis/Khaznadar/Seat_Leon_/
3008 ALLURE 130 CV EAT8...TUN 251,75000DT,Mahdia,https://www.tayara.tn/item/6815eb54c5beda2b51d69e93/Voitures/Mahdia/Mahdia/3008_ALLURE_130_CV_EAT8TUN_251/
Xsara,1111DT,Tunis,https://www.tayara.tn/item/6815e96fc1f8f57898e89039/Voitures/Tunis/Le_Bardo/Xsara_/
1.6 EHDI,41DT,Monastir,https://www.tayara.tn/item/6815e923c1f8f57898e88ffd/Voitures/Monastir/Jemmal/16_EHDI_/
A vendre KIA sportage) importé D'Allemagne année 2013 ce trouve à la Marsa 98 255 804,53000DT,Tunis,https://www.tayara.tn/item/67c0589faf2813f8075b7bc8/Voitures/Tunis/La_Marsa/A_vendre_KIA_sportage_import_DAllemagne_anne_2013_ce_trouve_la_Marsa_98_255_804/
ISUZU D-MAX DMAX LS 2.5 TD TWIN TURBO,125000DT,Médenine,https://www.tayara.tn/item/6815e70dc5beda2b51d69b00/Voitures/Mdenine/Zarzis/ISUZU_DMAX_DMAX_LS_25_TD_TWIN_TURBO/
à vendre piéce mazda pt50 23627075,300DT,Tunis,https://www.tayara.tn/item/6815e6b7c1f8f57898e88dcd/Pi%C3%A8ces%20et%20Accessoires%20pour%20v%C3%A9hicules/Tunis/El_Omrane_Suprieur/_vendre_pice_mazda_pt5023627075/
Amarok,99000DT,Monastir,https://www.tayara.tn/item/6815e662c5beda2b51d69a61/Voitures/Monastir/Sayada_Lamta_Bou_Hajar/Amarok_/
Vente d'une BMW série 1_A ne pas rater_فرصة_98293770,49000DT,Ariana,https://www.tayara.tn/item/6815e559c5beda2b51d69987/Voitures/Ariana/Ennasr/Vente_dune_BMW_srie_1A_ne_pas_rater98293770/
hyundai xi 35 diesel 2016,47DT,Tunis,https://www.tayara.tn/item/6815e44dc1f8f57898e88bb9/Voitures/Tunis/Tunis_Belvedere/hyundai_xi_35_diesel_2016_/
opel crossland 2024 etat neuf,82DT,Tunis,https://www.tayara.tn/item/6815e061c5beda2b51d69596/Voitures/Tunis/Ain_Zaghouen/opel_crossland_2024_etat_neuf/
Fiat punto grandi POP blanc tout option tel 97307466,97307464DT,Sfax,https://www.tayara.tn/item/6815df7cc5beda2b51d694de/Voitures/Sfax/Thyna/Fiat_punto_grandi_POP_blanc_tout_option_tel_97307466_/
Peugeot 208 ehdi,31500DT,Ariana,https://www.tayara.tn/item/6815de54c5beda2b51d693e3/Voitures/Ariana/La_Soukra/Peugeot_208_ehdi/
AUDI A3 SPORTBACK S LINE,1212DT,Sousse,https://www.tayara.tn/item/6815de25c5beda2b51d693bd/Voitures/Sousse/Sahloul/AUDI_A3_SPORTBACK_S_LINE_/
chariot élévateur,15000DT,La Manouba,https://www.tayara.tn/item/6815dcb7c5beda2b51d692a2/Voitures/La_Manouba/Manouba_Ville/chariot_lvateur_/
Isuzu dmax,67000DT,Bizerte,https://www.tayara.tn/item/6815dca9c5beda2b51d69294/Voitures/Bizerte/Mateur/Isuzu_dmax_/
🏆R9 125 by GOLD 🔥🔥 🛵GOLD Veracruz 125 👑 ☎️28681218 التوصيل متوفر الى كامل الجمهورية,2DT,Mahdia,https://www.tayara.tn/item/6815d92bc5beda2b51d69019/Motos/Mahdia/Autres_Villes/R9_125_by_GOLD_GOLD_Veracruz_125_28681218_/
chambre a coucher chambre de nuit lelbaye3 bit noum fi mestir tunisie matelas orthopédique avec deux cote hiver été,3000DT,Monastir,https://www.tayara.tn/item/6815d878c5beda2b51d68f99/Pi%C3%A8ces%20et%20Accessoires%20pour%20v%C3%A9hicules/Monastir/Monastir/chambre_a_coucher_chambre_de_nuit_lelbaye3_bit_noum_fi_mestir_tunisie_matelas_orthopdique_avec_deux_cote_hiver_t/
Opel combo,63500DT,Ariana,https://www.tayara.tn/item/67f5158ffd1c6385be483a02/Voitures/Ariana/Ariana/Opel_combo_/
forza slc,2700DT,Tunis,https://www.tayara.tn/item/6815d803c5beda2b51d68f47/Motos/Tunis/Le_Bardo/forza_slc/
Forza GOLD ✈️ SlC ✈️ أسوم هبال phantom 👻 First ✈️ GSM,222222DT,Monastir,https://www.tayara.tn/item/6815d70ec1f8f57898e881bb/Motos/Monastir/Tboulba/Forza_GOLD_SlC_phantom_First_GSM_/
clio dynamique( 2022),38500DT,Sousse,https://www.tayara.tn/item/6815d6a9c5beda2b51d68e57/Voitures/Sousse/Sousse_Riadh/clio_dynamique_2022/
TZMAX 125cc disponible ❤️‍🔥🏍️….⛽️🚦 متفلتش الفرصة وتمتع بأحسن الدراجات النارية وبأسعار لا تقبل المنافسة ✂️😎 باش تعدي كومند معليك كان تكلمنا على النومرو الموجود في الصفحة 🤙 ☎️56093660☎️ ☎️28681218☎️ والتوصيل كامل تراب الجمهورية 🇹🇳🇹🇳 ولد فهمي للدراجات النارية 🏍️ جودةً وضمان وأسوام في قمة الدلال,4000DT,Monastir,https://www.tayara.tn/item/6815d5f2c1f8f57898e880dc/Motos/Monastir/Tboulba/TZMAX_125cc_disponible_5609366028681218_/
205 mazout,6800DT,Ariana,https://www.tayara.tn/item/6815d4c6c5beda2b51d68ca3/Voitures/Ariana/Ariana_Essoughra/205_mazout/
Clio chipie,8500DT,Monastir,https://www.tayara.tn/item/6815d429c1f8f57898e87f74/Voitures/Monastir/Monastir/Clio_chipie/
tata,25000DT,Gabès,https://www.tayara.tn/item/6815d3e7c1f8f57898e87f4d/Voitures/Gabs/Gabs_Mdina/tata/
Bateau à vendre,33DT,Nabeul,https://www.tayara.tn/item/6815d2dbc1f8f57898e87ea5/Bateaux/Nabeul/Nabeul/Bateau_vendre/
Forza,2200DT,Sousse,https://www.tayara.tn/item/6815d1efc5beda2b51d68a99/Motos/Sousse/Akouda/Forza/
Kia Rio,26900DT,Tunis,https://www.tayara.tn/item/6815d1a3c1f8f57898e87dad/Voitures/Tunis/Tunis/Kia_Rio_/
Ma belle voiture,100DT,Tataouine,https://www.tayara.tn/item/6815cffec1f8f57898e87c76/Voitures/Tataouine/Tataouine_Nord/Ma_belle_voiture/
BMW X3 X DRIVE 20 D,100000DT,Nabeul,https://www.tayara.tn/item/6815cf08c1f8f57898e87be4/Voitures/Nabeul/Nabeul/BMW_X3_X_DRIVE_20_D/
RENAULT CLIO 4 dynamic première main,44000DT,Tunis,https://www.tayara.tn/item/6815cefdc5beda2b51d68889/Voitures/Tunis/Tunis/RENAULT_CLIO_4_dynamic_premire_main/
Classe E 300e Amg-Designo,1111DT,Tunis,https://www.tayara.tn/item/67adbda986d5f7a45c193da8/Voitures/Tunis/L_Aouina/Classe_E_300e_AmgDesigno/
E220 CDI AMG Full options,62900DT,La Manouba,https://www.tayara.tn/item/6815cbf3c5beda2b51d68698/Voitures/La_Manouba/Manouba_Ville/E220_CDI_AMG_Full_options_/
Peugeot 208,26800DT,Ariana,https://www.tayara.tn/item/67f51e77fd1c6385be4843e0/Voitures/Ariana/Ariana/Peugeot_208/
Ford Focus ST line,75000DT,Ariana,https://www.tayara.tn/item/68013fe3fd1c6385be520c6f/Voitures/Ariana/Ariana/Ford_Focus_ST_line_/
Suzuki Swift BVA,47500DT,Ariana,https://www.tayara.tn/item/6800e86a9d6266842d9e18d9/Voitures/Ariana/Ariana/Suzuki_Swift_BVA/
MG 3 boîte automatique,49500DT,Ariana,https://www.tayara.tn/item/6802890ac5beda2b51c97b3d/Voitures/Ariana/Ariana/MG_3_bote_automatique_/
BMW F10 BVA toit échange possible,68500DT,Tunis,https://www.tayara.tn/item/6815cbb4c5beda2b51d68672/Voitures/Tunis/Ksar_Said/BMW_F10_BVA_toit_change_possible_/
kia Rio gtline,63500DT,Ariana,https://www.tayara.tn/item/6815cb9ec1f8f57898e879da/Voitures/Ariana/Ariana/kia_Rio_gtline_/
Peugeot 407 SW tt option,25500DT,Sousse,https://www.tayara.tn/item/6815cb6fc5beda2b51d6862f/Voitures/Sousse/Hammam_Sousse/Peugeot_407_SW_tt_option/
Dacia Sandero importé,46000DT,Sousse,https://www.tayara.tn/item/6815c98ac5beda2b51d68544/Voitures/Sousse/Kantaoui/Dacia_Sandero_import/
à vendre polo sedan,39500DT,Tunis,https://www.tayara.tn/item/6815c966c5beda2b51d68532/Voitures/Tunis/Sidi_El_Bchir/_vendre_polo_sedan/
velsatis à djerba 58853678,19000DT,Médenine,https://www.tayara.tn/item/6815c548c1f8f57898e875b8/Voitures/Mdenine/Djerba_Houmt_Souk/velsatis_djerba_58853678/
BMW F10 SERIE 5,60000DT,Ariana,https://www.tayara.tn/item/6815c48ec1f8f57898e87519/Voitures/Ariana/La_Soukra/BMW_F10_SERIE_5_/
citroen c4 essence 2017 tel 98474721,31000DT,Tunis,https://www.tayara.tn/item/6815c3d6c5beda2b51d680f9/Voitures/Tunis/El_Manar_1/citroen_c4_essence_2017_tel_98474721/
A VENDRE MEGANE 2 PHASE 2,22800DT,Tunis,https://www.tayara.tn/item/6815c3d4c5beda2b51d680f8/Voitures/Tunis/Menzah/A_VENDRE_MEGANE_2_PHASE_2/
seat leon a vendre ou Échange,4DT,Sousse,https://www.tayara.tn/item/6815c361c1f8f57898e8746a/Voitures/Sousse/Khzema/seat_leon_a_vendre_ou_change_/
Audi Q8 50 TDI S line Quattro Tiptronic 8,300DT,Tunis,https://www.tayara.tn/item/6815c079c1f8f57898e872f0/Voitures/Tunis/Gammarth/Audi_Q8_50_TDI_S_line_Quattro_Tiptronic_8/
golf 7.5,68000DT,Sousse,https://www.tayara.tn/item/6815bf69c1f8f57898e8728c/Voitures/Sousse/M_Saken/golf_75/
Haval Jolion,23000DT,Sfax,https://www.tayara.tn/item/6815be34c5beda2b51d67e5b/Voitures/Sfax/Sfax/Haval_Jolion_/
haval h6,74DT,Tunis,https://www.tayara.tn/item/6815bd6dc5beda2b51d67e12/Voitures/Tunis/Le_Bardo/haval_h6_/
clio4 ess 4 cylindres 5ch toute en marche,32500DT,Nabeul,https://www.tayara.tn/item/6815b944c5beda2b51d67cdb/Voitures/Nabeul/Dar_Chabane_El_Fehri/clio4_ess_4_cylindres_5ch_toute_en_marche_/
Clio 5,52000DT,Tunis,https://www.tayara.tn/item/6815b74ac5beda2b51d67c2c/Voitures/Tunis/L_Aouina/Clio_5/
kia picanto emballage 0 klm,59000DT,Ariana,https://www.tayara.tn/item/67f803acca3467b14e7a0b65/Voitures/Ariana/Cit_Ennasr_2/kia_picanto_emballage_0_klm/
Golf 8 Allemagne dernier Série,80000DT,Tunis,https://www.tayara.tn/item/6815a660c5beda2b51d67725/Voitures/Tunis/Tunis/Golf_8_Allemagne_dernier_Srie_/
Troc récemment importée d'Allemagne,75000DT,Tunis,https://www.tayara.tn/item/6815a648c1f8f57898e86aec/Voitures/Tunis/Tunis/Troc_rcemment_importe_dAllemagne/
polo 3,11500DT,Zaghouan,https://www.tayara.tn/item/6815a18dc1f8f57898e86974/Voitures/Zaghouan/Bir_Mchergua/polo_3/
Prestigieuse bmw x3 xline,140000DT,Tunis,https://www.tayara.tn/item/681579c6c1f8f57898e86150/Voitures/Tunis/Tunis/Prestigieuse_bmw_x3_xline/
Mercedes A180 Restylée BVA,69000DT,Tunis,https://www.tayara.tn/item/6815665cc1f8f57898e85c92/Voitures/Tunis/El_Menzah_9/Mercedes_A180_Restyle_BVA/
MAZDA 6 2015,11DT,Tunis,https://www.tayara.tn/item/6815638bc5beda2b51d6680a/Voitures/Tunis/Tunis/MAZDA_6_2015/
À vendre ou échange : Range Rover Evoque,97000DT,Tunis,https://www.tayara.tn/item/68156211c1f8f57898e85b45/Voitures/Tunis/Ain_Zaghouan_Nord/_vendre_ou_change_Range_Rover_Evoque/
Toyota agya,35000DT,Sousse,https://www.tayara.tn/item/68155eedc5beda2b51d6668b/Voitures/Sousse/Sousse_Riadh/Toyota_agya_/
Golf 4,20DT,Sfax,https://www.tayara.tn/item/68155527c1f8f57898e85605/Voitures/Sfax/Thyna/Golf_4_/
clio,14500DT,Ben Arous,https://www.tayara.tn/item/6815500cc5beda2b51d65fbe/Voitures/Ben_Arous/El_Mourouj_1/clio/
Chevrolet Aveo LS 1 er Main,27500DT,Tunis,https://www.tayara.tn/item/68154e4fc1f8f57898e85290/Voitures/Tunis/Cit_Olympique/Chevrolet_Aveo_LS_1_er_Main/
Hyundai Grand i10,42000DT,Tunis,https://www.tayara.tn/item/68154a9cc1f8f57898e8506e/Voitures/Tunis/El_Menzah_1/Hyundai_Grand_i10/
phare Av Droite Hyundai grand I10 hight garde modèle 2021,950DT,Bizerte,https://www.tayara.tn/item/68154a98c1f8f57898e8506c/Pi%C3%A8ces%20et%20Accessoires%20pour%20v%C3%A9hicules/Bizerte/Ghar_El_Melh/phare_Av_Droite_Hyundai_grand_I10_hight_garde_modle_2021/
hyundai Tucson,118000DT,Monastir,https://www.tayara.tn/item/6815467cc5beda2b51d65a32/Voitures/Monastir/Sayada_Lamta_Bou_Hajar/hyundai_Tucson_/
Toyota Corolla 1.2 Active,66000DT,Nabeul,https://www.tayara.tn/item/6815455cc5beda2b51d65946/Voitures/Nabeul/Klibia/Toyota_Corolla_12_Active/
Compresseur de climatiseur de opel astra g,100DT,Ben Arous,https://www.tayara.tn/item/681543c7c1f8f57898e84bdb/Pi%C3%A8ces%20et%20Accessoires%20pour%20v%C3%A9hicules/Ben_Arous/Ben_Arous/Compresseur_de_climatiseur_de_opel_astra_g/
Mercedes Benz classe S350 AMG,150000DT,Nabeul,https://www.tayara.tn/item/681543c1c1f8f57898e84bd9/Voitures/Nabeul/Klibia/Mercedes_Benz_classe_S350_AMG/
Toyota Corolla 1.2 Active,66000DT,Nabeul,https://www.tayara.tn/item/68154357c1f8f57898e84b8d/Voitures/Nabeul/Klibia/Toyota_Corolla_12_Active/
fiat 500,34DT,Monastir,https://www.tayara.tn/item/6815384ac1f8f57898e84315/Voitures/Monastir/Monastir/fiat_500/
trotinette électrique,1000DT,Tunis,https://www.tayara.tn/item/6815381ec5beda2b51d64fa0/Autres%20V%C3%A9hicules/Tunis/Tunis/trotinette_lectrique_/
AUDI A3 SPORTBACK TFSI,60DT,Ariana,https://www.tayara.tn/item/68153712c5beda2b51d64e72/Voitures/Ariana/La_Soukra/AUDI_A3_SPORTBACK_TFSI/
"BYD F3 ""21418998"" ben arous",38000DT,Ben Arous,https://www.tayara.tn/item/681536acc5beda2b51d64e11/Voitures/Ben_Arous/El_Mourouj/BYD_F3_21418998_ben_arous_/
TOYOTA PROACE CITY,66000DT,Sousse,https://www.tayara.tn/item/68153441c1f8f57898e83f2e/Voitures/Sousse/M_Saken/TOYOTA_PROACE_CITY_/
hyundai i10 populaire,34800DT,Nabeul,https://www.tayara.tn/item/681533cac1f8f57898e83ece/Voitures/Nabeul/Hammamet/hyundai_i10_populaire_/
Voiture a vendre,29000DT,Ariana,https://www.tayara.tn/item/6815324fc5beda2b51d64a32/Voitures/Ariana/El_Menzah_8/Voiture_a_vendre/
voiture Peugeot 207,21.5DT,Bizerte,https://www.tayara.tn/item/68152f3dc5beda2b51d64723/Voitures/Bizerte/Bizerte/voiture_Peugeot_207/
Berlingo 2009 1.9D,22000DT,Le Kef,https://www.tayara.tn/item/68152c4ac1f8f57898e837cd/Voitures/Le_Kef/Kef_Est/Berlingo_2009_19D/
Haval Jolion,68000DT,Sfax,https://www.tayara.tn/item/68152964c1f8f57898e834db/Voitures/Sfax/Sfax/Haval_Jolion_/
PASSAT B8 bluemotion technology,50DT,Sfax,https://www.tayara.tn/item/6815285ec5beda2b51d64041/Voitures/Sfax/Sakiet_Eddaer/PASSAT_B8_bluemotion_technology/
camion,27DT,Kairouan,https://www.tayara.tn/item/68152430c5beda2b51d63c5e/Camions/Kairouan/Sbikha/camion_/
télécommande poste cd pioneer,29DT,Ben Arous,https://www.tayara.tn/item/68152224c5beda2b51d63a3a/Pi%C3%A8ces%20et%20Accessoires%20pour%20v%C3%A9hicules/Ben_Arous/Autres_Villes/tlcommande_poste_cd_pioneer/
porshe panamera 4s,55111112DT,Ariana,https://www.tayara.tn/item/68152219c1f8f57898e82de4/Voitures/Ariana/Ariana/porshe_panamera_4s/
Polo 7 essence toutes options,26500DT,Gabès,https://www.tayara.tn/item/681520e3c1f8f57898e82cbc/Voitures/Gabs/Gabs/Polo_7_essence_toutes_options_/
Renault kongo,9000DT,Sousse,https://www.tayara.tn/item/68152003c5beda2b51d63859/Voitures/Sousse/Sousse_Riadh/Renault_kongo_/
Fiat Ducato,16000DT,Mahdia,https://www.tayara.tn/item/68151fcdc5beda2b51d6382b/Camions/Mahdia/Chebba/Fiat_Ducato_/
ovetto2006,5500DT,Nabeul,https://www.tayara.tn/item/68151f0cc1f8f57898e82b0e/Motos/Nabeul/Nabeul/ovetto2006/
chery E3,25000DT,Tunis,https://www.tayara.tn/item/68151e96c5beda2b51d636e7/Voitures/Tunis/Tunis/chery_E3/
Audi Q3,93000DT,Ariana,https://www.tayara.tn/item/68151e25c5beda2b51d6368b/Voitures/Ariana/Jardins_El_Menzah/Audi_Q3_/
peugeot 2008 excellent état,47000DT,Ariana,https://www.tayara.tn/item/68151d8bc5beda2b51d635fd/Voitures/Ariana/Jardins_El_Menzah/peugeot_2008_excellent_tat_/
Baic kenbo s3,38000DT,Ariana,https://www.tayara.tn/item/68151d54c1f8f57898e82998/Voitures/Ariana/Jardins_El_Menzah/Baic_kenbo_s3/
Mg Gt Sport,92000DT,Sousse,https://www.tayara.tn/item/68151c43c5beda2b51d634d9/Voitures/Sousse/Sousse/Mg_Gt_Sport_/
Voiture,50000DT,Kairouan,https://www.tayara.tn/item/68151a6ec1f8f57898e826c7/Voitures/Kairouan/Kairouan/Voiture_/
Hyundai i10 BVA,38500DT,Ariana,https://www.tayara.tn/item/68151924c5beda2b51d631e9/Voitures/Ariana/Ariana/Hyundai_i10_BVA/
camion zetta,21000DT,Sousse,https://www.tayara.tn/item/68151771c1f8f57898e823b5/Camions/Sousse/Enfidha/camion_zetta/
SEAT Ateca fr,110DT,Ben Arous,https://www.tayara.tn/item/68151729c5beda2b51d62fc1/Voitures/Ben_Arous/Boumhel/SEAT_Ateca_fr/
Camion a vendre,15000DT,Sidi Bouzid,https://www.tayara.tn/item/68151717c1f8f57898e82354/Camions/Sidi_Bouzid/Meknassy/Camion_a_vendre_/
polo 3 nthifa 4 chevaux,12800DT,Bizerte,https://www.tayara.tn/item/6815154fc5beda2b51d62da7/Voitures/Bizerte/Menzel_Jemil/polo_3_nthifa_4_chevaux_/
Ford focus,40000DT,Ben Arous,https://www.tayara.tn/item/681514d1c5beda2b51d62d25/Voitures/Ben_Arous/El_Mourouj_6/Ford_focus/
Citroën C3 air Cross,54000DT,Tunis,https://www.tayara.tn/item/681514b0c1f8f57898e820c8/Voitures/Tunis/Tunis/Citron_C3_air_Cross/
golf 6 tdi bluemotion,40500DT,Ben Arous,https://www.tayara.tn/item/681512dcc1f8f57898e81ed5/Voitures/Ben_Arous/Medina_Jedida/golf_6_tdi_bluemotion/
Peugeot 208 style,29300DT,Tunis,https://www.tayara.tn/item/68151208c1f8f57898e81e22/Voitures/Tunis/El_Menzah_9/Peugeot_208_style/
CAMION IVECO DAILY,48000DT,Tunis,https://www.tayara.tn/item/67e005daca3467b14e6b10cd/Camions/Tunis/Medjez_El_Bab/CAMION_IVECO_DAILY/
banquette arrière Renault laguna,400DT,Sousse,https://www.tayara.tn/item/68150d14c1f8f57898e819a9/Pi%C3%A8ces%20et%20Accessoires%20pour%20v%C3%A9hicules/Sousse/M_Saken/banquette_arrire_Renault_laguna_/
Fiat 500 dolcevita hybride,49000DT,Tunis,https://www.tayara.tn/item/68150b3ac5beda2b51d6240c/Voitures/Tunis/Cit_El_Khadra/Fiat_500_dolcevita_hybride/
jialing gold,2300DT,Sousse,https://www.tayara.tn/item/68150997c1f8f57898e816a1/Motos/Sousse/M_Saken/jialing_gold/
TOYOTA 80 land cruiser 24 S turbo,69000DT,Ariana,https://www.tayara.tn/item/68150987c5beda2b51d6227f/Voitures/Ariana/La_Soukra/TOYOTA_80_land_cruiser_24_S_turbo_/
polo 7,37000DT,Nabeul,https://www.tayara.tn/item/6815096bc1f8f57898e8167c/Voitures/Nabeul/Klibia/polo_7_/
Vente,30DT,Sfax,https://www.tayara.tn/item/6815082bc5beda2b51d62150/Voitures/Sfax/Route_GREMDA/Vente_/
Peugeot bipper,23000DT,Ben Arous,https://www.tayara.tn/item/68150829c5beda2b51d6214b/Voitures/Ben_Arous/El_Mourouj/Peugeot_bipper/
skoda octavia TDI,80000DT,Sfax,https://www.tayara.tn/item/6815070ec1f8f57898e81428/Voitures/Sfax/Route_MHARZA/skoda_octavia_TDI/
mazda 2200,9200DT,Bizerte,https://www.tayara.tn/item/6815021cc1f8f57898e80f6b/Voitures/Bizerte/Bizerte/mazda_2200/
sapi a vendre,23DT,Sfax,https://www.tayara.tn/item/681501fcc1f8f57898e80f55/Engins%20BTP/Sfax/Sakiet_Eddaer/sapi_a_vendre_/
Toyota hilux,125900DT,Tataouine,https://www.tayara.tn/item/68150188c1f8f57898e80ee3/Voitures/Tataouine/Ghomrassen/Toyota_hilux_/
97533974,111DT,Médenine,https://www.tayara.tn/item/6814ff5bc5beda2b51d61917/Camions/Mdenine/Mdenine_Nord/97533974/
Mercedes benz c180 kit AMG,80000DT,Ariana,https://www.tayara.tn/item/6814fec3c1f8f57898e80c99/Voitures/Ariana/Ennasr/Mercedes_benz_c180_kit_AMG/
Tapis d'origine polo8,300DT,Monastir,https://www.tayara.tn/item/6814fd98c5beda2b51d617bd/Pi%C3%A8ces%20et%20Accessoires%20pour%20v%C3%A9hicules/Monastir/Ksar_Hellal/Tapis_dorigine_polo8_/
Mégane 4,123DT,Monastir,https://www.tayara.tn/item/6814fc37c1f8f57898e80a5e/Voitures/Monastir/Ksar_Hellal/Mgane_4_/
Vente,26DT,Sidi Bouzid,https://www.tayara.tn/item/6814fc0fc1f8f57898e80a28/Voitures/Sidi_Bouzid/Bir_El_Hafey/Vente/
FORD TRANSIT,35000DT,Sfax,https://www.tayara.tn/item/6814facac5beda2b51d614fa/Camions/Sfax/Sfax_Mdina/FORD_TRANSIT/
Piéces de rechange ( NISSAN PATROL ),1400DT,La Manouba,https://www.tayara.tn/item/6814fa25c1f8f57898e80873/Pi%C3%A8ces%20et%20Accessoires%20pour%20v%C3%A9hicules/La_Manouba/Autres_Villes/Pices_de_rechange_NISSAN_PATROL_/
Mégane 4,47500DT,Bizerte,https://www.tayara.tn/item/6814f9ccc1f8f57898e80831/Voitures/Bizerte/Menzel_Bourguiba/Mgane_4_/
MERCEDES C180 BVA,42000DT,Ariana,https://www.tayara.tn/item/6814f82bc1f8f57898e806ab/Voitures/Ariana/La_Soukra/MERCEDES_C180_BVA/
cilo campus,24700DT,Ariana,https://www.tayara.tn/item/6814f7dbc5beda2b51d6124c/Voitures/Ariana/El_Menzah_5/cilo_campus/
Renault Classique,11500DT,Bizerte,https://www.tayara.tn/item/6814f347c5beda2b51d60dce/Voitures/Bizerte/Menzel_Bourguiba/Renault_Classique_/
a vendre,160DT,Sidi Bouzid,https://www.tayara.tn/item/6814f321c1f8f57898e80194/Voitures/Sidi_Bouzid/Cebbala_Ouled_Asker/a_vendre/
Polo 4,14700DT,Nabeul,https://www.tayara.tn/item/6814f261c5beda2b51d60d10/Voitures/Nabeul/Hammamet/Polo_4_/
voiture musibushi a vendre biite auto,1111DT,Sousse,https://www.tayara.tn/item/6814f14fc1f8f57898e7ffbd/Voitures/Sousse/Sousse/voiture_musibushi_a_vendre_biite_auto/
polo,49000DT,Bizerte,https://www.tayara.tn/item/6814eef7c5beda2b51d60998/Voitures/Bizerte/Bizerte_Nord/polo/
voiture à vendre,14000DT,La Manouba,https://www.tayara.tn/item/6814eecdc5beda2b51d60971/Voitures/La_Manouba/Manouba_Ville/voiture_vendre_/
novago 140,5500DT,Ariana,https://www.tayara.tn/item/6814eebec5beda2b51d6095d/Motos/Ariana/Ghazela/novago_140/
بناي بالوفقة و بالميترو 21118643,900DT,Ariana,https://www.tayara.tn/item/6814ed82c5beda2b51d6081f/Engins%20Agricoles/Ariana/Ariana/_21118643/
Piaggio,2700DT,Ben Arous,https://www.tayara.tn/item/6814ed3ac1f8f57898e7fbb9/Motos/Ben_Arous/Mgrine/Piaggio_/
clio 4,38DT,La Manouba,https://www.tayara.tn/item/6814eb39c5beda2b51d60612/Voitures/La_Manouba/Manouba_Ville/clio_4/
Une très belle BMW E90 LCI phase 2,46DT,La Manouba,https://www.tayara.tn/item/6814e9fcc1f8f57898e7f89e/Voitures/La_Manouba/La_Manouba/Une_trs_belle_BMW_E90_LCI_phase_2/
Toyota hiace,13DT,Kairouan,https://www.tayara.tn/item/6814e961c1f8f57898e7f805/Voitures/Kairouan/Autres_Villes/Toyota_hiace_/
hamer 1,2500DT,Tunis,https://www.tayara.tn/item/6814e881c1f8f57898e7f71d/Motos/Tunis/Gammarth/hamer_1/
كل اشغال البناء 27989658,22000DT,La Manouba,https://www.tayara.tn/item/6814e835c1f8f57898e7f6c9/Voitures/La_Manouba/Denden/_27989658/
Peugeot 208 1 ère main,25000DT,Tunis,https://www.tayara.tn/item/6814e727c5beda2b51d6024f/Voitures/Tunis/Tunis/Peugeot_208_1_re_main/
Jaling duamant en roudage,2550DT,Jendouba,https://www.tayara.tn/item/6814e705c1f8f57898e7f5be/Motos/Jendouba/Fernana/Jaling_duamant_en_roudage/
Vente moto liberty 50cm,2400DT,Tunis,https://www.tayara.tn/item/6814e6b1c1f8f57898e7f566/Motos/Tunis/Tunis/Vente_moto_liberty_50cm/
Seat Leon en excellent état,54000DT,Tunis,https://www.tayara.tn/item/6814e5fdc1f8f57898e7f4d9/Voitures/Tunis/Jardins_De_Carthage/Seat_Leon_en_excellent_tat_/
a vendre une belle clio 4 dynamique,32000DT,Ben Arous,https://www.tayara.tn/item/6814e4f4c5beda2b51d60021/Voitures/Ben_Arous/Medina_Jedida/a_vendre_une_belle_clio_4_dynamique_/
ssangyong korando,95000DT,Ben Arous,https://www.tayara.tn/item/67fe75e5fd1c6385be4ff1f4/Voitures/Ben_Arous/Ezzahra/ssangyong_korando/
Fiat grande punto,22000DT,Tunis,https://www.tayara.tn/item/6814dfdfc1f8f57898e7eef5/Voitures/Tunis/Tunis/Fiat_grande_punto_/
golf 7 kit GTI possibilité d’échange,54000DT,Ben Arous,https://www.tayara.tn/item/6814de77c5beda2b51d5f9af/Voitures/Ben_Arous/Hammam_Chott/golf_7_kit_GTI_possibilit_dchange_/
206 hdi,11000DT,Tunis,https://www.tayara.tn/item/6814dcc2c1f8f57898e7ebc1/Voitures/Tunis/Tunis/206_hdi/
Citroën,55000DT,Médenine,https://www.tayara.tn/item/6814dca8c1f8f57898e7eba4/Voitures/Mdenine/Sidi_Makhloulf/Citron_/
Mazda bt 50 4*4,123DT,Nabeul,https://www.tayara.tn/item/6814db55c1f8f57898e7ea3a/Voitures/Nabeul/Takelsa/Mazda_bt_50_44/
Vespa et4 125cc,4600DT,Mahdia,https://www.tayara.tn/item/6814d8b5c5beda2b51d5f37a/Motos/Mahdia/Mahdia/_Vespa_et4_125cc/
A vendre Audi A4,72000DT,Tunis,https://www.tayara.tn/item/6814d5fac5beda2b51d5f0c7/Voitures/Tunis/Centre_Urbain_Nord/A_vendre_Audi_A4/
king long 2017,14DT,Sousse,https://www.tayara.tn/item/6814d594c1f8f57898e7e448/Voitures/Sousse/Sahloul/king_long_2017/
BMW e34 mazout,14DT,Sousse,https://www.tayara.tn/item/6814d495c5beda2b51d5ef69/Voitures/Sousse/Sahloul/BMW_e34_mazout_/
Renault symbole première main,27000DT,Sousse,https://www.tayara.tn/item/6814d337c1f8f57898e7e173/Voitures/Sousse/Hammam_Sousse/Renault_symbole_premire_main/
Voiture hyundai Tucson 1.6crdi 115 chevaux creative diesel état neuve importer de France Premiere main tel wattsapp :98208586,90500DT,Ariana,https://www.tayara.tn/item/681333a8c5beda2b51d4bf2f/Voitures/Ariana/Ariana/Voiture_hyundai_Tucson_16crdi_115_chevaux_creative_diesel_tat_neuve_importer_de_France_Premiere_main_tel_wattsapp_98208586_/
A vendre Polo sedon Trendline Belle voiture en bon état,54DT,La Manouba,https://www.tayara.tn/item/6814cf3fc1f8f57898e7dd1c/Voitures/La_Manouba/Denden/A_vendre_Polo_sedon_Trendline_Belle_voiture_en_bon_tat/
c4 cactus,33000DT,Tunis,https://www.tayara.tn/item/6814cee3c5beda2b51d5e902/Voitures/Tunis/Le_Bardo/c4_cactus_/
Dacia Dokker 1ère main. très bon état. Zéro incidents,33500DT,Ariana,https://www.tayara.tn/item/6814cea7c5beda2b51d5e8c9/Voitures/Ariana/La_Soukra/Dacia_Dokker_1re_main_trs_bon_tat_Zro_incidents/
landtrek 4✖️4,88000DT,Ariana,https://www.tayara.tn/item/6814ce9dc5beda2b51d5e8c1/Voitures/Ariana/Ariana/landtrek_44/
Citroene C3,36000DT,Nabeul,https://www.tayara.tn/item/6800d494fd1c6385be51a0e0/Voitures/Nabeul/Korba/Citroene_C3/
Brissa Lely Welger AP 530d,20000DT,Bizerte,https://www.tayara.tn/item/6814cba1c5beda2b51d5e4f2/Engins%20Agricoles/Bizerte/Bizerte/Brissa_Lely_Welger_AP_530d/
fiat qubo essence,123DT,Jendouba,https://www.tayara.tn/item/6814cb75c5beda2b51d5e4ab/Voitures/Jendouba/Tabarka/fiat_qubo_essence/
a vendre une belle VW Sharan,1111111168DT,Monastir,https://www.tayara.tn/item/6814cac7c1f8f57898e7d79a/Voitures/Monastir/Bekalta/a_vendre_une_belle_VW_Sharan_/
Hyundai grand i10 neuf,43000DT,Siliana,https://www.tayara.tn/item/6814c99ec1f8f57898e7d64d/Voitures/Siliana/Siliana/Hyundai_grand_i10_neuf_/
